1. han;han;sb.
1. han;hannen;sb.
1. han;hannens;sb.
1. han;hans;sb.
1. han;hannerne;sb.
1. han;hannernes;sb.
1. han;hanner;sb.
1. han;hanners;sb.
2. han;han;pron.
2. han;ham;pron.
2. han;hans;pron.
handel;handel;sb.
handel;handlen;sb.
handel;handelen;sb.
handel;handlens;sb.
handel;handelens;sb.
handel;handels;sb.
handel;handlerne;sb.
handel;handlernes;sb.
handel;handler;sb.
handel;handlers;sb.
handelsagent;handelsagent;sb.
handelsagent;handelsagenten;sb.
handelsagent;handelsagentens;sb.
handelsagent;handelsagents;sb.
handelsagent;handelsagenterne;sb.
handelsagent;handelsagenternes;sb.
handelsagent;handelsagenter;sb.
handelsagent;handelsagenters;sb.
handelsattaché;handelsattaché;sb.
handelsattaché;handelsattachéen;sb.
handelsattaché;handelsattachéens;sb.
handelsattaché;handelsattachés;sb.
handelsattaché;handelsattachéerne;sb.
handelsattaché;handelsattachéernes;sb.
handelsattaché;handelsattachéer;sb.
handelsattaché;handelsattachéers;sb.
handelsbalance;handelsbalance;sb.
handelsbalance;handelsbalancen;sb.
handelsbalance;handelsbalancens;sb.
handelsbalance;handelsbalances;sb.
handelsbalance;handelsbalancerne;sb.
handelsbalance;handelsbalancernes;sb.
handelsbalance;handelsbalancer;sb.
handelsbalance;handelsbalancers;sb.
handelsflåde;handelsflåde;sb.
handelsflåde;handelsflåden;sb.
handelsflåde;handelsflådens;sb.
handelsflåde;handelsflådes;sb.
handelsflåde;handelsflåderne;sb.
handelsflåde;handelsflådernes;sb.
handelsflåde;handelsflåder;sb.
handelsflåde;handelsflåders;sb.
handelsgade;handelsgade;sb.
handelsgade;handelsgaden;sb.
handelsgade;handelsgadens;sb.
handelsgade;handelsgades;sb.
handelsgade;handelsgaderne;sb.
handelsgade;handelsgadernes;sb.
handelsgade;handelsgader;sb.
handelsgade;handelsgaders;sb.
handelsgartner;handelsgartner;sb.
handelsgartner;handelsgartneren;sb.
handelsgartner;handelsgartnerens;sb.
handelsgartner;handelsgartners;sb.
handelsgartner;handelsgartnerne;sb.
handelsgartner;handelsgartnernes;sb.
handelsgartner;handelsgartnere;sb.
handelsgartner;handelsgartneres;sb.
handelsgymnasie;handelsgymnasie;sb.
handelsgymnasie;handelsgymnasiet;sb.
handelsgymnasie;handelsgymnasiets;sb.
handelsgymnasie;handelsgymnasies;sb.
handelsgymnasie;handelsgymnasierne;sb.
handelsgymnasie;handelsgymnasiernes;sb.
handelsgymnasie;handelsgymnasier;sb.
handelsgymnasie;handelsgymnasiers;sb.
handelsgymnasium;handelsgymnasium;sb.
handelsgymnasium;handelsgymnasiet;sb.
handelsgymnasium;handelsgymnasiets;sb.
handelsgymnasium;handelsgymnasiums;sb.
handelsgymnasium;handelsgymnasierne;sb.
handelsgymnasium;handelsgymnasiernes;sb.
handelsgymnasium;handelsgymnasier;sb.
handelsgymnasium;handelsgymnasiers;sb.
handelshøjskole;handelshøjskole;sb.
handelshøjskole;handelshøjskolen;sb.
handelshøjskole;handelshøjskolens;sb.
handelshøjskole;handelshøjskoles;sb.
handelshøjskole;handelshøjskolerne;sb.
handelshøjskole;handelshøjskolernes;sb.
handelshøjskole;handelshøjskoler;sb.
handelshøjskole;handelshøjskolers;sb.
handelskammer;handelskammer;sb.
handelskammer;handelskammeret;sb.
handelskammer;handelskammerets;sb.
handelskammer;handelskammers;sb.
handelskammer;handelskamrene;sb.
handelskammer;handelskamrenes;sb.
handelskammer;handelskamre;sb.
handelskammer;handelskamres;sb.
handelsmand;handelsmand;sb.
handelsmand;handelsmanden;sb.
handelsmand;handelsmandens;sb.
handelsmand;handelsmands;sb.
handelsmand;handelsmændene;sb.
handelsmand;handelsmændenes;sb.
handelsmand;handelsmænd;sb.
handelsmand;handelsmænds;sb.
handelspartner;handelspartner;sb.
handelspartner;handelspartneren;sb.
handelspartner;handelspartnerens;sb.
handelspartner;handelspartners;sb.
handelspartner;handelspartnerne;sb.
handelspartner;handelspartnernes;sb.
handelspartner;handelspartnere;sb.
handelspartner;handelspartneres;sb.
handelsplads;handelsplads;sb.
handelsplads;handelspladsen;sb.
handelsplads;handelspladsens;sb.
handelsplads;handelsplads';sb.
handelsplads;handelspladserne;sb.
handelsplads;handelspladsernes;sb.
handelsplads;handelspladser;sb.
handelsplads;handelspladsers;sb.
handelspolitik;handelspolitik;sb.
handelspolitik;handelspolitikken;sb.
handelspolitik;handelspolitikkens;sb.
handelspolitik;handelspolitiks;sb.
handelspolitik;handelspolitikkerne;sb.
handelspolitik;handelspolitikkernes;sb.
handelspolitik;handelspolitikker;sb.
handelspolitik;handelspolitikkers;sb.
handelspolitisk;handelspolitisk;adj.
handelspolitisk;handelspolitiske;adj.
handelsrejsende;handelsrejsende;sb.
handelsrejsende;handelsrejsendes;sb.
handelsråd;handelsråd;sb.
handelsråd;handelsråden;sb.
handelsråd;handelsrådens;sb.
handelsråd;handelsråds;sb.
handelsråd;handelsråderne;sb.
handelsråd;handelsrådernes;sb.
handelsråd;handelsråder;sb.
handelsråd;handelsråders;sb.
handelsskole;handelsskole;sb.
handelsskole;handelsskolen;sb.
handelsskole;handelsskolens;sb.
handelsskole;handelsskoles;sb.
handelsskole;handelsskolerne;sb.
handelsskole;handelsskolernes;sb.
handelsskole;handelsskoler;sb.
handelsskole;handelsskolers;sb.
handelsstand;handelsstand;sb.
handelsstand;handelsstanden;sb.
handelsstand;handelsstandens;sb.
handelsstand;handelsstands;sb.
handelsstandsforening;handelsstandsforening;sb.
handelsstandsforening;handelsstandsforeningen;sb.
handelsstandsforening;handelsstandsforeningens;sb.
handelsstandsforening;handelsstandsforenings;sb.
handelsstandsforening;handelsstandsforeningerne;sb.
handelsstandsforening;handelsstandsforeningernes;sb.
handelsstandsforening;handelsstandsforeninger;sb.
handelsstandsforening;handelsstandsforeningers;sb.
handelsvidenskab;handelsvidenskab;sb.
handelsvidenskab;handelsvidenskaben;sb.
handelsvidenskab;handelsvidenskabens;sb.
handelsvidenskab;handelsvidenskabs;sb.
handelsvidenskab;handelsvidenskaberne;sb.
handelsvidenskab;handelsvidenskabernes;sb.
handelsvidenskab;handelsvidenskaber;sb.
handelsvidenskab;handelsvidenskabers;sb.
handelsvidenskabelig;handelsvidenskabelig;adj.
handelsvidenskabelig;handelsvidenskabelige;adj.
handelsvidenskabelig;handelsvidenskabeligt;adj.
handicap;handicap;sb.
handicap;handicappet;sb.
handicap;handicappets;sb.
handicap;handicaps;sb.
handicap;handicappene;sb.
handicap;handicappenes;sb.
handicap;handicaps;sb.
handicap;handicap;sb.
handicap;handicaps';sb.
handicap;handicaps;sb.
handicapidræt;handicapidræt;sb.
handicapidræt;handicapidrætten;sb.
handicapidræt;handicapidrættens;sb.
handicapidræt;handicapidræts;sb.
handicapidræt;handicapidrætterne;sb.
handicapidræt;handicapidrætternes;sb.
handicapidræt;handicapidrætter;sb.
handicapidræt;handicapidrætters;sb.
handicappe;handicappe;vb.
handicappe;handicap;vb.
handicappe;handicappet;vb.
handicappe;handicapper;vb.
handicappe;handicappende;vb.
handicappe;handicappede;vb.
handicappe;handicappes;vb.
handicappe;handicappedes;vb.
handicapper;handicapper;sb.
handicapper;handicapperen;sb.
handicapper;handicapperens;sb.
handicapper;handicappers;sb.
handicapper;handicapperne;sb.
handicapper;handicappernes;sb.
handicapper;handicappere;sb.
handicapper;handicapperes;sb.
handicappet;handicappet;adj.
handicappet;handicappede;adj.
handikap;handikap;sb.
handikap;handikappet;sb.
handikap;handikappets;sb.
handikap;handikaps;sb.
handikap;handikappene;sb.
handikap;handikappenes;sb.
handikap;handikap;sb.
handikap;handikaps;sb.
handikapidræt;handikapidræt;sb.
handikapidræt;handikapidrætten;sb.
handikapidræt;handikapidrættens;sb.
handikapidræt;handikapidræts;sb.
handikapidræt;handikapidrætterne;sb.
handikapidræt;handikapidrætternes;sb.
handikapidræt;handikapidrætter;sb.
handikapidræt;handikapidrætters;sb.
handikappe;handikappe;vb.
handikappe;handikap;vb.
handikappe;handikappet;vb.
handikappe;handikapper;vb.
handikappe;handikappende;vb.
handikappe;handikappede;vb.
handikappe;handikappes;vb.
handikappe;handikappedes;vb.
handikapper;handikapper;sb.
handikapper;handikapperen;sb.
handikapper;handikapperens;sb.
handikapper;handikappers;sb.
handikapper;handikapperne;sb.
handikapper;handikappernes;sb.
handikapper;handikappere;sb.
handikapper;handikapperes;sb.
handikappet;handikappet;adj.
handikappet;handikappede;adj.
handle;handle;vb.
handle;handl;vb.
handle;handlet;vb.
handle;handler;vb.
handle;handlende;vb.
handle;handlede;vb.
handle;handles;vb.
handle;handledes;vb.
handledygtig;handledygtig;adj.
handledygtig;handledygtige;adj.
handledygtig;handledygtigt;adj.
handleevne;handleevne;sb.
handleevne;handleevnen;sb.
handleevne;handleevnens;sb.
handleevne;handleevnes;sb.
handleform;handleform;sb.
handleform;handleformen;sb.
handleform;handleformens;sb.
handleform;handleforms;sb.
handleform;handleformerne;sb.
handleform;handleformernes;sb.
handleform;handleformer;sb.
handleform;handleformers;sb.
handlefrihed;handlefrihed;sb.
handlefrihed;handlefriheden;sb.
handlefrihed;handlefrihedens;sb.
handlefrihed;handlefriheds;sb.
handlekraft;handlekraft;sb.
handlekraft;handlekraften;sb.
handlekraft;handlekraftens;sb.
handlekraft;handlekrafts;sb.
handlekraftig;handlekraftig;adj.
handlekraftig;handlekraftige;adj.
handlekraftig;handlekraftigt;adj.
handlemulighed;handlemulighed;sb.
handlemulighed;handlemuligheden;sb.
handlemulighed;handlemulighedens;sb.
handlemulighed;handlemuligheds;sb.
handlemulighed;handlemulighederne;sb.
handlemulighed;handlemulighedernes;sb.
handlemulighed;handlemuligheder;sb.
handlemulighed;handlemuligheders;sb.
handlemåde;handlemåde;sb.
handlemåde;handlemåden;sb.
handlemåde;handlemådens;sb.
handlemåde;handlemådes;sb.
handlemåde;handlemåderne;sb.
handlemåde;handlemådernes;sb.
handlemåde;handlemåder;sb.
handlemåde;handlemåders;sb.
handlende;handlende;sb.
handlende;handlendes;sb.
handlende;handlende;sb.
handlende;handlendes;sb.
handleplan;handleplan;sb.
handleplan;handleplanen;sb.
handleplan;handleplanens;sb.
handleplan;handleplans;sb.
handleplan;handleplanerne;sb.
handleplan;handleplanernes;sb.
handleplan;handleplaner;sb.
handleplan;handleplaners;sb.
handler;handler;sb.
handler;handleren;sb.
handler;handlerens;sb.
handler;handlers;sb.
handler;handlerne;sb.
handler;handlernes;sb.
handler;handlere;sb.
handler;handleres;sb.
handlerum;handlerum;sb.
handlerum;handlerummet;sb.
handlerum;handlerummets;sb.
handlerum;handlerums;sb.
handling;handling;sb.
handling;handlingen;sb.
handling;handlingens;sb.
handling;handlings;sb.
handling;handlingerne;sb.
handling;handlingernes;sb.
handling;handlinger;sb.
handling;handlingers;sb.
handlingsforløb;handlingsforløb;sb.
handlingsforløb;handlingsforløbet;sb.
handlingsforløb;handlingsforløbets;sb.
handlingsforløb;handlingsforløbs;sb.
handlingsforløb;handlingsforløbene;sb.
handlingsforløb;handlingsforløbenes;sb.
handlingsforløb;handlingsforløb;sb.
handlingsforløb;handlingsforløbs;sb.
handlingsgang;handlingsgang;sb.
handlingsgang;handlingsgangen;sb.
handlingsgang;handlingsgangens;sb.
handlingsgang;handlingsgangs;sb.
handlingslamme;handlingslamme;vb.
handlingslamme;handlingslam;vb.
handlingslamme;handlingslammet;vb.
handlingslamme;handlingslammer;vb.
handlingslamme;handlingslammende;vb.
handlingslamme;handlingslammede;vb.
handlingslamme;handlingslammes;vb.
handlingslamme;handlingslammedes;vb.
handlingslammet;handlingslammet;adj.
handlingslammet;handlingslammede;adj.
handlingsmønster;handlingsmønster;sb.
handlingsmønster;handlingsmønstret;sb.
handlingsmønster;handlingsmønsteret;sb.
handlingsmønster;handlingsmønstrets;sb.
handlingsmønster;handlingsmønsterets;sb.
handlingsmønster;handlingsmønsters;sb.
handlingsmønster;handlingsmønstrene;sb.
handlingsmønster;handlingsmønstrenes;sb.
handlingsmønster;handlingsmønstre;sb.
handlingsmønster;handlingsmønstres;sb.
handlingsplan;handlingsplan;sb.
handlingsplan;handlingsplanen;sb.
handlingsplan;handlingsplanens;sb.
handlingsplan;handlingsplans;sb.
handlingsplan;handlingsplanerne;sb.
handlingsplan;handlingsplanernes;sb.
handlingsplan;handlingsplaner;sb.
handlingsplan;handlingsplaners;sb.
handlingsprogram;handlingsprogram;sb.
handlingsprogram;handlingsprogrammet;sb.
handlingsprogram;handlingsprogrammets;sb.
handlingsprogram;handlingsprograms;sb.
handlingsprogram;handlingsprogrammerne;sb.
handlingsprogram;handlingsprogrammernes;sb.
handlingsprogram;handlingsprogrammer;sb.
handlingsprogram;handlingsprogrammers;sb.
handout;handout;sb.
handout;handoutet;sb.
handout;handoutets;sb.
handout;handouts;sb.
handout;handoutene;sb.
handout;handoutenes;sb.
handout;handouts;sb.
handout;handout;sb.
handout;handouts';sb.
handout;handouts;sb.
handske;handske;sb.
handske;handsken;sb.
handske;handskens;sb.
handske;handskes;sb.
handske;handskerne;sb.
handske;handskernes;sb.
handske;handsker;sb.
handske;handskers;sb.
handskedukke;handskedukke;sb.
handskedukke;handskedukken;sb.
handskedukke;handskedukkens;sb.
handskedukke;handskedukkes;sb.
handskedukke;handskedukkerne;sb.
handskedukke;handskedukkernes;sb.
handskedukke;handskedukker;sb.
handskedukke;handskedukkers;sb.
handskemager;handskemager;sb.
handskemager;handskemageren;sb.
handskemager;handskemagerens;sb.
handskemager;handskemagers;sb.
handskemager;handskemagerne;sb.
handskemager;handskemagernes;sb.
handskemager;handskemagere;sb.
handskemager;handskemageres;sb.
handskerum;handskerum;sb.
handskerum;handskerummet;sb.
handskerum;handskerummets;sb.
handskerum;handskerums;sb.
handskerum;handskerummene;sb.
handskerum;handskerummenes;sb.
handskerum;handskerum;sb.
handskerum;handskerums;sb.
handy;handy;ubøj. adj.
handyman;handyman;sb.
handyman;handymans;sb.
handyman;handymen;sb.
handyman;handymens;sb.
handymand;handymand;sb.
handymand;handymanden;sb.
handymand;handymandens;sb.
handymand;handymands;sb.
handymand;handymændene;sb.
handymand;handymændenes;sb.
handymand;handymænd;sb.
handymand;handymænds;sb.
handyr;handyr;sb.
handyr;handyret;sb.
handyr;handyrets;sb.
handyr;handyrs;sb.
handyr;handyrene;sb.
handyr;handyrenes;sb.
handyr;handyr;sb.
handyr;handyrs;sb.
hane;hane;sb.
hane;hanen;sb.
hane;hanens;sb.
hane;hanes;sb.
hane;hanerne;sb.
hane;hanernes;sb.
hane;haner;sb.
hane;haners;sb.
haneben;haneben;
hanebjælke;hanebjælke;sb.
hanebjælke;hanebjælken;sb.
hanebjælke;hanebjælkens;sb.
hanebjælke;hanebjælkes;sb.
hanebjælke;hanebjælkerne;sb.
hanebjælke;hanebjælkernes;sb.
hanebjælke;hanebjælker;sb.
hanebjælke;hanebjælkers;sb.
hanebånd;hanebånd;sb.
hanebånd;hanebåndet;sb.
hanebånd;hanebåndets;sb.
hanebånd;hanebånds;sb.
hanebånd;hanebåndene;sb.
hanebånd;hanebåndenes;sb.
hanebånd;hanebånd;sb.
hanebånd;hanebånds;sb.
hanefjed;hanefjed;sb.
hanefjed;hanefjeddet;sb.
hanefjed;hanefjeddets;sb.
hanefjed;hanefjeds;sb.
hanefjed;hanefjeddene;sb.
hanefjed;hanefjeddenes;sb.
hanefjed;hanefjed;sb.
hanefjed;hanefjeds;sb.
hanefjedsmønster;hanefjedsmønster;sb.
hanefjedsmønster;hanefjedsmønstret;sb.
hanefjedsmønster;hanefjedsmønsteret;sb.
hanefjedsmønster;hanefjedsmønstrets;sb.
hanefjedsmønster;hanefjedsmønsterets;sb.
hanefjedsmønster;hanefjedsmønsters;sb.
hanefjedsmønster;hanefjedsmønstrene;sb.
hanefjedsmønster;hanefjedsmønstrenes;sb.
hanefjedsmønster;hanefjedsmønstre;sb.
hanefjedsmønster;hanefjedsmønstres;sb.
hanegal;hanegal;sb.
hanegal;hanegalet;sb.
hanegal;hanegalets;sb.
hanegal;hanegals;sb.
hanegal;hanegalene;sb.
hanegal;hanegalenes;sb.
hanegal;hanegal;sb.
hanegal;hanegals;sb.
hanekam;hanekam;sb.
hanekam;hanekammen;sb.
hanekam;hanekammens;sb.
hanekam;hanekams;sb.
hanekam;hanekammene;sb.
hanekam;hanekammenes;sb.
hanekam;hanekamme;sb.
hanekam;hanekammes;sb.
hanekro;hanekro;sb.
hanekro;hanekroen;sb.
hanekro;hanekroens;sb.
hanekro;hanekros;sb.
hanekro;hanekroene;sb.
hanekro;hanekroerne;sb.
hanekro;hanekroenes;sb.
hanekro;hanekroernes;sb.
hanekro;hanekroer;sb.
hanekro;hanekro;sb.
hanekro;hanekroers;sb.
hanekro;hanekros;sb.
hanekylling;hanekylling;sb.
hanekylling;hanekyllingen;sb.
hanekylling;hanekyllingens;sb.
hanekylling;hanekyllings;sb.
hanekylling;hanekyllingerne;sb.
hanekylling;hanekyllingernes;sb.
hanekylling;hanekyllinger;sb.
hanekylling;hanekyllingers;sb.
hanespore;hanespore;sb.
hanespore;hanesporen;sb.
hanespore;hanesporens;sb.
hanespore;hanespores;sb.
hanespore;hanesporerne;sb.
hanespore;hanesporernes;sb.
hanespore;hanesporer;sb.
hanespore;hanesporers;sb.
1. hang;hang;sb.
1. hang;hangs;sb.
2. hang;hang;sb.
2. hang;hangs;sb.
hangar;hangar;sb.
hangar;hangaren;sb.
hangar;hangarens;sb.
hangar;hangars;sb.
hangar;hangarerne;sb.
hangar;hangarernes;sb.
hangar;hangarer;sb.
hangar;hangarers;sb.
hangarskib;hangarskib;sb.
hangarskib;hangarskibet;sb.
hangarskib;hangarskibets;sb.
hangarskib;hangarskibs;sb.
hangarskib;hangarskibene;sb.
hangarskib;hangarskibenes;sb.
hangarskib;hangarskibe;sb.
hangarskib;hangarskibes;sb.
hangglide;hangglide;vb.
hangglide;hangglide;vb.
hangglide;hangglidet;vb.
hangglide;hangglider;vb.
hangglide;hangglidende;vb.
hangglide;hangglidede;vb.
hangglide;hangglides;vb.
hangglide;hangglidedes;vb.
hangglider;hangglider;sb.
hangglider;hangglideren;sb.
hangglider;hanggliderens;sb.
hangglider;hanggliders;sb.
hangglider;hanggliderne;sb.
hangglider;hangglidernes;sb.
hangglider;hangglidere;sb.
hangglider;hangglideres;sb.
hanggliding;hanggliding;sb.
hanggliding;hangglidingen;sb.
hanggliding;hangglidingens;sb.
hanggliding;hangglidings;sb.
Hanherrederne;Hanherrederne;prop.
Hanherrederne;Hanherredernes;prop.
hanhund;hanhund;sb.
hanhund;hanhunden;sb.
hanhund;hanhundens;sb.
hanhund;hanhunds;sb.
hanhund;hanhundene;sb.
hanhund;hanhundenes;sb.
hanhund;hanhunde;sb.
hanhund;hanhundes;sb.
hank;hank;sb.
hank;hanken;sb.
hank;hankens;sb.
hank;hanks;sb.
hank;hankene;sb.
hank;hankenes;sb.
hank;hanke;sb.
hank;hankes;sb.
hankat;hankat;sb.
hankat;hankatten;sb.
hankat;hankattens;sb.
hankat;hankats;sb.
hankat;hankattene;sb.
hankat;hankattenes;sb.
hankat;hankatte;sb.
hankat;hankattes;sb.
hanke;hanke;vb.
hanke;hank;vb.
hanke;hanket;vb.
hanke;hanker;vb.
hanke;hankende;vb.
hanke;hankede;vb.
hanke;hankes;vb.
hanke;hankedes;vb.
hankeløs;hankeløs;adj.
hankeløs;hankeløse;adj.
hankeløs;hankeløst;adj.
hankøn;hankøn;sb.
hankøn;hankønnet;sb.
hankøn;hankønnets;sb.
hankøn;hankøns;sb.
hanlig;hanlig;adj.
hanlig;hanlige;adj.
hanlig;hanligt;adj.
hanrej;hanrej;sb.
hanrej;hanrejen;sb.
hanrej;hanrejens;sb.
hanrej;hanrejs;sb.
hanrej;hanrejerne;sb.
hanrej;hanrejernes;sb.
hanrej;hanrejer;sb.
hanrej;hanrejers;sb.
hanseater;hanseater;sb. pl.
hanseater;hanseaters;sb. pl.
hanseater;hanseaterne;sb. pl.
hanseater;hanseaternes;sb. pl.
hanseatisk;hanseatisk;adj.
hanseatisk;hanseatiske;adj.
hansestad;hansestad;sb.
hansestad;hansestaden;sb.
hansestad;hansestadens;sb.
hansestad;hansestads;sb.
hansestad;hansestæderne;sb.
hansestad;hansestædernes;sb.
hansestad;hansestæder;sb.
hansestad;hansestæders;sb.
hanstik;hanstik;sb.
hanstik;hanstikket;sb.
hanstik;hanstikkets;sb.
hanstik;hanstiks;sb.
hanstik;hanstikkene;sb.
hanstik;hanstikkenes;sb.
hanstik;hanstik;sb.
hanstik;hanstiks;sb.
hap;hap;
haplologi;haplologi;sb.
haplologi;haplologien;sb.
haplologi;haplologiens;sb.
haplologi;haplologis;sb.
haplologi;haplologierne;sb.
haplologi;haplologiernes;sb.
haplologi;haplologier;sb.
haplologi;haplologiers;sb.
happening;happening;sb.
happening;happeningen;sb.
happening;happeningens;sb.
happening;happenings;sb.
happening;happeningene;sb.
happening;happeningenes;sb.
happening;happenings;sb.
happening;happenings';sb.
happy end;happy end;sb.
happy end;happy ends;sb.
happy hour;happy hour;sb.
happy hour;happy hours;sb.
1. haps;haps;sb.
1. haps;hapsen;sb.
1. haps;hapsens;sb.
1. haps;haps';sb.
1. haps;hapsene;sb.
1. haps;hapserne;sb.
1. haps;hapsenes;sb.
1. haps;hapsernes;sb.
1. haps;hapse;sb.
1. haps;hapser;sb.
1. haps;hapsers;sb.
1. haps;hapses;sb.
2. haps;haps;sb.
2. haps;hapset;sb.
2. haps;hapsets;sb.
2. haps;haps';sb.
2. haps;hapsene;sb.
2. haps;hapsenes;sb.
2. haps;haps;sb.
2. haps;haps';sb.
3. haps;haps;udråbsord
hapse;hapse;vb.
hapse;haps;vb.
hapse;hapset;vb.
hapse;hapser;vb.
hapse;hapsende;vb.
hapse;hapsede;vb.
hapse;hapses;vb.
hapse;hapsedes;vb.
